variant,dict,typ,num_values,num_ids,id_beats,conv_beats,out_beats,conv_cycles,id_phase_cycles,first_out_latency,id_stall_cycles
inline,0,INT32_T,500,500,32,32,32,32,59,27,0
inline,1,INT32_T,500,1001,63,63,63,83,132,40,20
inline,2,FLOAT_T,500,500,32,32,32,32,59,27,0
inline,3,FLOAT_T,500,1001,63,63,63,77,121,31,14
inline,4,INT64_T,500,500,32,63,63,63,90,27,31
inline,5,INT64_T,500,1001,63,126,126,167,216,30,103
inline,6,DOUBLE_T,500,500,32,63,63,63,90,27,31
inline,7,DOUBLE_T,500,1001,63,126,126,171,211,30,107
inline,8,INT64_T,3,1,1,1,1,1,28,27,0
inline,9,INT32_T,1,8,1,1,1,1,28,27,0
inline,10,DOUBLE_T,17,9,1,2,2,2,31,29,0
inline,11,FLOAT_T,17,17,2,2,2,2,30,28,0
inline,12,INT64_T,133,470,30,59,59,82,119,35,52
inline,13,FLOAT_T,774,844,53,53,53,62,110,40,9
inline,14,INT32_T,551,421,27,27,27,29,69,37,2
inline,15,DOUBLE_T,216,962,61,121,121,158,203,33,97
inline,16,INT64_T,653,1013,64,127,127,171,212,31,107
inline,17,DOUBLE_T,637,848,53,106,106,137,180,31,83
inline,18,FLOAT_T,19,986,62,62,62,76,114,35,14
inline,19,INT32_T,105,874,55,55,55,77,113,31,22
inline,20,INT32_T,675,801,51,51,51,62,106,31,11
inline,21,INT64_T,778,422,27,53,53,69,110,30,42
inline,22,DOUBLE_T,633,733,46,92,92,123,163,34,76
inline,23,INT32_T,618,1009,64,64,64,76,118,31,12
inline,24,INT64_T,25,133,9,17,17,17,53,34,8
inline,25,INT64_T,751,1105,70,139,139,193,229,33,123
inline,26,INT64_T,594,210,14,27,27,30,71,37,16
inline,27,INT32_T,14,302,19,19,19,19,46,27,0
inline,28,DOUBLE_T,141,129,9,17,17,17,58,38,8
inline,29,INT64_T,67,1138,72,143,143,186,222,39,114
inline,30,DOUBLE_T,642,1134,71,142,142,216,256,33,144
inline,31,DOUBLE_T,354,34,3,5,5,5,37,32,2
inline,32,DOUBLE_T,164,631,40,79,79,112,150,34,72
inline,33,FLOAT_T,484,131,9,9,9,9,45,33,0
inline,34,FLOAT_T,409,169,11,11,11,11,49,37,0
inline,35,INT64_T,485,1003,63,126,126,157,201,31,93
